[{"model": "fredslist.state", "pk": 105, "fields": {"state": "Alabama"}}, {"model": "fredslist.state", "pk": 106, "fields": {"state": "Alaska"}}, {"model": "fredslist.state", "pk": 107, "fields": {"state": "Arizona"}}, {"model": "fredslist.state", "pk": 108, "fields": {"state": "Arkansas"}}, {"model": "fredslist.state", "pk": 109, "fields": {"state": "California"}}, {"model": "fredslist.state", "pk": 110, "fields": {"state": "Colorado"}}, {"model": "fredslist.state", "pk": 111, "fields": {"state": "Connecticut"}}, {"model": "fredslist.state", "pk": 112, "fields": {"state": "Delaware"}}, {"model": "fredslist.state", "pk": 113, "fields": {"state": "Florida"}}, {"model": "fredslist.state", "pk": 114, "fields": {"state": "Georgia"}}, {"model": "fredslist.state", "pk": 115, "fields": {"state": "Hawaii"}}, {"model": "fredslist.state", "pk": 116, "fields": {"state": "Idaho"}}, {"model": "fredslist.state", "pk": 117, "fields": {"state": "Illinois"}}, {"model": "fredslist.state", "pk": 118, "fields": {"state": "Indiana"}}, {"model": "fredslist.state", "pk": 119, "fields": {"state": "Iowa"}}, {"model": "fredslist.state", "pk": 120, "fields": {"state": "Kansas"}}, {"model": "fredslist.state", "pk": 121, "fields": {"state": "Kentucky"}}, {"model": "fredslist.state", "pk": 122, "fields": {"state": "Louisiana"}}, {"model": "fredslist.state", "pk": 123, "fields": {"state": "Maine"}}, {"model": "fredslist.state", "pk": 124, "fields": {"state": "Maryland"}}, {"model": "fredslist.state", "pk": 125, "fields": {"state": "Massachusetts"}}, {"model": "fredslist.state", "pk": 126, "fields": {"state": "Michigan"}}, {"model": "fredslist.state", "pk": 127, "fields": {"state": "Minnesota"}}, {"model": "fredslist.state", "pk": 128, "fields": {"state": "Mississippi"}}, {"model": "fredslist.state", "pk": 129, "fields": {"state": "Missouri"}}, {"model": "fredslist.state", "pk": 130, "fields": {"state": "Montana"}}, {"model": "fredslist.state", "pk": 131, "fields": {"state": "Nebraska"}}, {"model": "fredslist.state", "pk": 132, "fields": {"state": "Nevada"}}, {"model": "fredslist.state", "pk": 133, "fields": {"state": "New Hampshire"}}, {"model": "fredslist.state", "pk": 134, "fields": {"state": "New Jersey"}}, {"model": "fredslist.state", "pk": 135, "fields": {"state": "New Mexico"}}, {"model": "fredslist.state", "pk": 136, "fields": {"state": "New York"}}, {"model": "fredslist.state", "pk": 137, "fields": {"state": "North Carolina"}}, {"model": "fredslist.state", "pk": 138, "fields": {"state": "North Dakota"}}, {"model": "fredslist.state", "pk": 139, "fields": {"state": "Ohio"}}, {"model": "fredslist.state", "pk": 140, "fields": {"state": "Oklahoma"}}, {"model": "fredslist.state", "pk": 141, "fields": {"state": "Oregon"}}, {"model": "fredslist.state", "pk": 142, "fields": {"state": "Pennsylvania"}}, {"model": "fredslist.state", "pk": 143, "fields": {"state": "Rhode Island"}}, {"model": "fredslist.state", "pk": 144, "fields": {"state": "South Carolina"}}, {"model": "fredslist.state", "pk": 145, "fields": {"state": "South Dakota"}}, {"model": "fredslist.state", "pk": 146, "fields": {"state": "Tennessee"}}, {"model": "fredslist.state", "pk": 147, "fields": {"state": "Texas"}}, {"model": "fredslist.state", "pk": 148, "fields": {"state": "Utah"}}, {"model": "fredslist.state", "pk": 149, "fields": {"state": "Vermont"}}, {"model": "fredslist.state", "pk": 150, "fields": {"state": "Virginia"}}, {"model": "fredslist.state", "pk": 151, "fields": {"state": "Washington"}}, {"model": "fredslist.state", "pk": 152, "fields": {"state": "West Virginia"}}, {"model": "fredslist.state", "pk": 153, "fields": {"state": "Wisconsin"}}, {"model": "fredslist.state", "pk": 154, "fields": {"state": "Wyoming"}}, {"model": "fredslist.city", "pk": 925, "fields": {"state": 105, "city": " auburn"}}, {"model": "fredslist.city", "pk": 926, "fields": {"state": 105, "city": "birmingham"}}, {"model": "fredslist.city", "pk": 927, "fields": {"state": 105, "city": "dothan"}}, {"model": "fredslist.city", "pk": 928, "fields": {"state": 105, "city": "florence-muscle shoals"}}, {"model": "fredslist.city", "pk": 929, "fields": {"state": 105, "city": "gadsden-anniston"}}, {"model": "fredslist.city", "pk": 930, "fields": {"state": 105, "city": "huntsville-decatur"}}, {"model": "fredslist.city", "pk": 931, "fields": {"state": 105, "city": "mobile"}}, {"model": "fredslist.city", "pk": 932, "fields": {"state": 105, "city": "montgomery"}}, {"model": "fredslist.city", "pk": 933, "fields": {"state": 105, "city": "tuscaloosa"}}, {"model": "fredslist.city", "pk": 934, "fields": {"state": 106, "city": "anchorage-mat-su"}}, {"model": "fredslist.city", "pk": 935, "fields": {"state": 106, "city": "fairbanks"}}, {"model": "fredslist.city", "pk": 936, "fields": {"state": 106, "city": "kenai peninsula"}}, {"model": "fredslist.city", "pk": 937, "fields": {"state": 106, "city": "southeast alaska"}}, {"model": "fredslist.city", "pk": 938, "fields": {"state": 106, "city": ""}}, {"model": "fredslist.city", "pk": 939, "fields": {"state": 107, "city": "flagstaff-sedona"}}, {"model": "fredslist.city", "pk": 940, "fields": {"state": 107, "city": "mohave county"}}, {"model": "fredslist.city", "pk": 941, "fields": {"state": 107, "city": "phoenix"}}, {"model": "fredslist.city", "pk": 942, "fields": {"state": 107, "city": "prescott"}}, {"model": "fredslist.city", "pk": 943, "fields": {"state": 107, "city": "show low"}}, {"model": "fredslist.city", "pk": 944, "fields": {"state": 107, "city": "sierra vista"}}, {"model": "fredslist.city", "pk": 945, "fields": {"state": 107, "city": "tucson"}}, {"model": "fredslist.city", "pk": 946, "fields": {"state": 107, "city": "yuma"}}, {"model": "fredslist.city", "pk": 947, "fields": {"state": 107, "city": ""}}, {"model": "fredslist.city", "pk": 948, "fields": {"state": 108, "city": "fayetteville"}}, {"model": "fredslist.city", "pk": 949, "fields": {"state": 108, "city": "fort smith"}}, {"model": "fredslist.city", "pk": 950, "fields": {"state": 108, "city": "jonesboro"}}, {"model": "fredslist.city", "pk": 951, "fields": {"state": 108, "city": "little rock"}}, {"model": "fredslist.city", "pk": 952, "fields": {"state": 108, "city": "texarkana"}}, {"model": "fredslist.city", "pk": 953, "fields": {"state": 108, "city": ""}}, {"model": "fredslist.city", "pk": 954, "fields": {"state": 109, "city": "bakersfield"}}, {"model": "fredslist.city", "pk": 955, "fields": {"state": 109, "city": "chico"}}, {"model": "fredslist.city", "pk": 956, "fields": {"state": 109, "city": "fresno-madera"}}, {"model": "fredslist.city", "pk": 957, "fields": {"state": 109, "city": "gold country"}}, {"model": "fredslist.city", "pk": 958, "fields": {"state": 109, "city": "hanford-corcoran"}}, {"model": "fredslist.city", "pk": 959, "fields": {"state": 109, "city": "humboldt county"}}, {"model": "fredslist.city", "pk": 960, "fields": {"state": 109, "city": "imperial county"}}, {"model": "fredslist.city", "pk": 961, "fields": {"state": 109, "city": "inland empire"}}, {"model": "fredslist.city", "pk": 962, "fields": {"state": 109, "city": "los angeles"}}, {"model": "fredslist.city", "pk": 963, "fields": {"state": 109, "city": "mendocino county"}}, {"model": "fredslist.city", "pk": 964, "fields": {"state": 109, "city": "merced"}}, {"model": "fredslist.city", "pk": 965, "fields": {"state": 109, "city": "modesto"}}, {"model": "fredslist.city", "pk": 966, "fields": {"state": 109, "city": "monterey bay"}}, {"model": "fredslist.city", "pk": 967, "fields": {"state": 109, "city": "orange county"}}, {"model": "fredslist.city", "pk": 968, "fields": {"state": 109, "city": "palm springs"}}, {"model": "fredslist.city", "pk": 969, "fields": {"state": 109, "city": "redding"}}, {"model": "fredslist.city", "pk": 970, "fields": {"state": 109, "city": "sacramento"}}, {"model": "fredslist.city", "pk": 971, "fields": {"state": 109, "city": "san diego"}}, {"model": "fredslist.city", "pk": 972, "fields": {"state": 109, "city": "san francisco bay area"}}, {"model": "fredslist.city", "pk": 973, "fields": {"state": 109, "city": "san luis obispo"}}, {"model": "fredslist.city", "pk": 974, "fields": {"state": 109, "city": "santa barbara"}}, {"model": "fredslist.city", "pk": 975, "fields": {"state": 109, "city": "santa maria"}}, {"model": "fredslist.city", "pk": 976, "fields": {"state": 109, "city": "siskiyou county"}}, {"model": "fredslist.city", "pk": 977, "fields": {"state": 109, "city": "stockton"}}, {"model": "fredslist.city", "pk": 978, "fields": {"state": 109, "city": "susanville"}}, {"model": "fredslist.city", "pk": 979, "fields": {"state": 109, "city": "ventura county"}}, {"model": "fredslist.city", "pk": 980, "fields": {"state": 109, "city": "visalia-tulare"}}, {"model": "fredslist.city", "pk": 981, "fields": {"state": 109, "city": "yuba-sutter"}}, {"model": "fredslist.city", "pk": 982, "fields": {"state": 109, "city": ""}}, {"model": "fredslist.city", "pk": 983, "fields": {"state": 110, "city": "boulder"}}, {"model": "fredslist.city", "pk": 984, "fields": {"state": 110, "city": "colorado springs"}}, {"model": "fredslist.city", "pk": 985, "fields": {"state": 110, "city": "denver"}}, {"model": "fredslist.city", "pk": 986, "fields": {"state": 110, "city": "eastern CO"}}, {"model": "fredslist.city", "pk": 987, "fields": {"state": 110, "city": "fort collins-north CO"}}, {"model": "fredslist.city", "pk": 988, "fields": {"state": 110, "city": "high rockies"}}, {"model": "fredslist.city", "pk": 989, "fields": {"state": 110, "city": "pueblo"}}, {"model": "fredslist.city", "pk": 990, "fields": {"state": 110, "city": "western slope"}}, {"model": "fredslist.city", "pk": 991, "fields": {"state": 110, "city": ""}}, {"model": "fredslist.city", "pk": 992, "fields": {"state": 111, "city": "eastern CT"}}, {"model": "fredslist.city", "pk": 993, "fields": {"state": 111, "city": "hartford"}}, {"model": "fredslist.city", "pk": 994, "fields": {"state": 111, "city": "new haven"}}, {"model": "fredslist.city", "pk": 995, "fields": {"state": 111, "city": "northwest CT"}}, {"model": "fredslist.city", "pk": 996, "fields": {"state": 111, "city": ""}}, {"model": "fredslist.city", "pk": 997, "fields": {"state": 112, "city": "delaware"}}, {"model": "fredslist.city", "pk": 998, "fields": {"state": 112, "city": ""}}, {"model": "fredslist.city", "pk": 999, "fields": {"state": 113, "city": "broward county"}}, {"model": "fredslist.city", "pk": 1000, "fields": {"state": 113, "city": "daytona beach"}}, {"model": "fredslist.city", "pk": 1001, "fields": {"state": 113, "city": "florida keys"}}, {"model": "fredslist.city", "pk": 1002, "fields": {"state": 113, "city": "fort lauderdale"}}, {"model": "fredslist.city", "pk": 1003, "fields": {"state": 113, "city": "ft myers-SW florida"}}, {"model": "fredslist.city", "pk": 1004, "fields": {"state": 113, "city": "gainesville"}}, {"model": "fredslist.city", "pk": 1005, "fields": {"state": 113, "city": "heartland florida"}}, {"model": "fredslist.city", "pk": 1006, "fields": {"state": 113, "city": "jacksonville"}}, {"model": "fredslist.city", "pk": 1007, "fields": {"state": 113, "city": "lakeland"}}, {"model": "fredslist.city", "pk": 1008, "fields": {"state": 113, "city": "miami-dade"}}, {"model": "fredslist.city", "pk": 1009, "fields": {"state": 113, "city": "north central FL"}}, {"model": "fredslist.city", "pk": 1010, "fields": {"state": 113, "city": "ocala"}}, {"model": "fredslist.city", "pk": 1011, "fields": {"state": 113, "city": "okaloosa-walton"}}, {"model": "fredslist.city", "pk": 1012, "fields": {"state": 113, "city": "orlando"}}, {"model": "fredslist.city", "pk": 1013, "fields": {"state": 113, "city": "panama city"}}, {"model": "fredslist.city", "pk": 1014, "fields": {"state": 113, "city": "pensacola"}}, {"model": "fredslist.city", "pk": 1015, "fields": {"state": 113, "city": "sarasota-bradenton"}}, {"model": "fredslist.city", "pk": 1016, "fields": {"state": 113, "city": "south florida"}}, {"model": "fredslist.city", "pk": 1017, "fields": {"state": 113, "city": "space coast"}}, {"model": "fredslist.city", "pk": 1018, "fields": {"state": 113, "city": "st augustine"}}, {"model": "fredslist.city", "pk": 1019, "fields": {"state": 113, "city": "tallahassee"}}, {"model": "fredslist.city", "pk": 1020, "fields": {"state": 113, "city": "tampa bay area"}}, {"model": "fredslist.city", "pk": 1021, "fields": {"state": 113, "city": "treasure coast"}}, {"model": "fredslist.city", "pk": 1022, "fields": {"state": 113, "city": "palm beach county"}}, {"model": "fredslist.city", "pk": 1023, "fields": {"state": 113, "city": ""}}, {"model": "fredslist.city", "pk": 1024, "fields": {"state": 114, "city": "albany"}}, {"model": "fredslist.city", "pk": 1025, "fields": {"state": 114, "city": "athens"}}, {"model": "fredslist.city", "pk": 1026, "fields": {"state": 114, "city": "atlanta"}}, {"model": "fredslist.city", "pk": 1027, "fields": {"state": 114, "city": "augusta"}}, {"model": "fredslist.city", "pk": 1028, "fields": {"state": 114, "city": "brunswick"}}, {"model": "fredslist.city", "pk": 1029, "fields": {"state": 114, "city": "columbus"}}, {"model": "fredslist.city", "pk": 1030, "fields": {"state": 114, "city": "macon-warner robins"}}, {"model": "fredslist.city", "pk": 1031, "fields": {"state": 114, "city": "northwest GA"}}, {"model": "fredslist.city", "pk": 1032, "fields": {"state": 114, "city": "savannah-hinesville"}}, {"model": "fredslist.city", "pk": 1033, "fields": {"state": 114, "city": "statesboro"}}, {"model": "fredslist.city", "pk": 1034, "fields": {"state": 114, "city": "valdosta"}}, {"model": "fredslist.city", "pk": 1035, "fields": {"state": 114, "city": ""}}, {"model": "fredslist.city", "pk": 1036, "fields": {"state": 115, "city": "hawaii"}}, {"model": "fredslist.city", "pk": 1037, "fields": {"state": 115, "city": ""}}, {"model": "fredslist.city", "pk": 1038, "fields": {"state": 116, "city": "boise"}}, {"model": "fredslist.city", "pk": 1039, "fields": {"state": 116, "city": "east idaho"}}, {"model": "fredslist.city", "pk": 1040, "fields": {"state": 116, "city": "lewiston-clarkston"}}, {"model": "fredslist.city", "pk": 1041, "fields": {"state": 116, "city": "twin falls"}}, {"model": "fredslist.city", "pk": 1042, "fields": {"state": 116, "city": ""}}, {"model": "fredslist.city", "pk": 1043, "fields": {"state": 117, "city": "bloomington-normal"}}, {"model": "fredslist.city", "pk": 1044, "fields": {"state": 117, "city": "champaign urbana"}}, {"model": "fredslist.city", "pk": 1045, "fields": {"state": 117, "city": "chicago"}}, {"model": "fredslist.city", "pk": 1046, "fields": {"state": 117, "city": "decatur"}}, {"model": "fredslist.city", "pk": 1047, "fields": {"state": 117, "city": "la salle co"}}, {"model": "fredslist.city", "pk": 1048, "fields": {"state": 117, "city": "mattoon-charleston"}}, {"model": "fredslist.city", "pk": 1049, "fields": {"state": 117, "city": "peoria"}}, {"model": "fredslist.city", "pk": 1050, "fields": {"state": 117, "city": "rockford"}}, {"model": "fredslist.city", "pk": 1051, "fields": {"state": 117, "city": "southern illinois"}}, {"model": "fredslist.city", "pk": 1052, "fields": {"state": 117, "city": "springfield"}}, {"model": "fredslist.city", "pk": 1053, "fields": {"state": 117, "city": "western IL"}}, {"model": "fredslist.city", "pk": 1054, "fields": {"state": 117, "city": ""}}, {"model": "fredslist.city", "pk": 1055, "fields": {"state": 118, "city": " bloomington"}}, {"model": "fredslist.city", "pk": 1056, "fields": {"state": 118, "city": " evansville"}}, {"model": "fredslist.city", "pk": 1057, "fields": {"state": 118, "city": " fort wayne"}}, {"model": "fredslist.city", "pk": 1058, "fields": {"state": 118, "city": " indianapolis"}}, {"model": "fredslist.city", "pk": 1059, "fields": {"state": 118, "city": " kokomo"}}, {"model": "fredslist.city", "pk": 1060, "fields": {"state": 118, "city": " lafayette-west lafayette"}}, {"model": "fredslist.city", "pk": 1061, "fields": {"state": 118, "city": " muncie-anderson"}}, {"model": "fredslist.city", "pk": 1062, "fields": {"state": 118, "city": " richmond"}}, {"model": "fredslist.city", "pk": 1063, "fields": {"state": 118, "city": " south bend-michiana"}}, {"model": "fredslist.city", "pk": 1064, "fields": {"state": 118, "city": " terre haute"}}, {"model": "fredslist.city", "pk": 1065, "fields": {"state": 119, "city": " ames"}}, {"model": "fredslist.city", "pk": 1066, "fields": {"state": 119, "city": " cedar rapids"}}, {"model": "fredslist.city", "pk": 1067, "fields": {"state": 119, "city": " des moines"}}, {"model": "fredslist.city", "pk": 1068, "fields": {"state": 119, "city": " dubuque"}}, {"model": "fredslist.city", "pk": 1069, "fields": {"state": 119, "city": " fort dodge"}}, {"model": "fredslist.city", "pk": 1070, "fields": {"state": 119, "city": " iowa city"}}, {"model": "fredslist.city", "pk": 1071, "fields": {"state": 119, "city": " mason city"}}, {"model": "fredslist.city", "pk": 1072, "fields": {"state": 119, "city": " quad cities"}}, {"model": "fredslist.city", "pk": 1073, "fields": {"state": 119, "city": " sioux city"}}, {"model": "fredslist.city", "pk": 1074, "fields": {"state": 119, "city": " southeast IA"}}, {"model": "fredslist.city", "pk": 1075, "fields": {"state": 119, "city": " waterloo-cedar falls"}}, {"model": "fredslist.city", "pk": 1076, "fields": {"state": 119, "city": ""}}, {"model": "fredslist.city", "pk": 1077, "fields": {"state": 120, "city": " lawrence"}}, {"model": "fredslist.city", "pk": 1078, "fields": {"state": 120, "city": " manhattan"}}, {"model": "fredslist.city", "pk": 1079, "fields": {"state": 120, "city": " northwest KS"}}, {"model": "fredslist.city", "pk": 1080, "fields": {"state": 120, "city": " salina"}}, {"model": "fredslist.city", "pk": 1081, "fields": {"state": 120, "city": " southeast KS"}}, {"model": "fredslist.city", "pk": 1082, "fields": {"state": 120, "city": " southwest KS"}}, {"model": "fredslist.city", "pk": 1083, "fields": {"state": 120, "city": " topeka"}}, {"model": "fredslist.city", "pk": 1084, "fields": {"state": 120, "city": " wichita"}}, {"model": "fredslist.city", "pk": 1085, "fields": {"state": 120, "city": ""}}, {"model": "fredslist.city", "pk": 1086, "fields": {"state": 121, "city": " bowling green"}}, {"model": "fredslist.city", "pk": 1087, "fields": {"state": 121, "city": " eastern kentucky"}}, {"model": "fredslist.city", "pk": 1088, "fields": {"state": 121, "city": " lexington"}}, {"model": "fredslist.city", "pk": 1089, "fields": {"state": 121, "city": " louisville"}}, {"model": "fredslist.city", "pk": 1090, "fields": {"state": 121, "city": " owensboro"}}, {"model": "fredslist.city", "pk": 1091, "fields": {"state": 121, "city": " western KY"}}, {"model": "fredslist.city", "pk": 1092, "fields": {"state": 121, "city": ""}}, {"model": "fredslist.city", "pk": 1093, "fields": {"state": 122, "city": " baton rouge"}}, {"model": "fredslist.city", "pk": 1094, "fields": {"state": 122, "city": " central louisiana"}}, {"model": "fredslist.city", "pk": 1095, "fields": {"state": 122, "city": " houma"}}, {"model": "fredslist.city", "pk": 1096, "fields": {"state": 122, "city": " lafayette"}}, {"model": "fredslist.city", "pk": 1097, "fields": {"state": 122, "city": " lake charles"}}, {"model": "fredslist.city", "pk": 1098, "fields": {"state": 122, "city": " monroe"}}, {"model": "fredslist.city", "pk": 1099, "fields": {"state": 122, "city": " new orleans"}}, {"model": "fredslist.city", "pk": 1100, "fields": {"state": 122, "city": " shreveport"}}, {"model": "fredslist.city", "pk": 1101, "fields": {"state": 122, "city": ""}}, {"model": "fredslist.city", "pk": 1102, "fields": {"state": 123, "city": "maine"}}, {"model": "fredslist.city", "pk": 1103, "fields": {"state": 123, "city": ""}}, {"model": "fredslist.city", "pk": 1104, "fields": {"state": 124, "city": " annapolis"}}, {"model": "fredslist.city", "pk": 1105, "fields": {"state": 124, "city": " baltimore"}}, {"model": "fredslist.city", "pk": 1106, "fields": {"state": 124, "city": " eastern shore"}}, {"model": "fredslist.city", "pk": 1107, "fields": {"state": 124, "city": " frederick"}}, {"model": "fredslist.city", "pk": 1108, "fields": {"state": 124, "city": " southern maryland"}}, {"model": "fredslist.city", "pk": 1109, "fields": {"state": 124, "city": " western maryland"}}, {"model": "fredslist.city", "pk": 1110, "fields": {"state": 124, "city": ""}}, {"model": "fredslist.city", "pk": 1111, "fields": {"state": 125, "city": " boston"}}, {"model": "fredslist.city", "pk": 1112, "fields": {"state": 125, "city": " cape cod-islands"}}, {"model": "fredslist.city", "pk": 1113, "fields": {"state": 125, "city": " south coast"}}, {"model": "fredslist.city", "pk": 1114, "fields": {"state": 125, "city": " western massachusetts"}}, {"model": "fredslist.city", "pk": 1115, "fields": {"state": 125, "city": " worcester-central MA"}}, {"model": "fredslist.city", "pk": 1116, "fields": {"state": 125, "city": ""}}, {"model": "fredslist.city", "pk": 1117, "fields": {"state": 126, "city": " ann arbor"}}, {"model": "fredslist.city", "pk": 1118, "fields": {"state": 126, "city": " battle creek"}}, {"model": "fredslist.city", "pk": 1119, "fields": {"state": 126, "city": " central michigan"}}, {"model": "fredslist.city", "pk": 1120, "fields": {"state": 126, "city": " detroit metro"}}, {"model": "fredslist.city", "pk": 1121, "fields": {"state": 126, "city": " flint"}}, {"model": "fredslist.city", "pk": 1122, "fields": {"state": 126, "city": " grand rapids"}}, {"model": "fredslist.city", "pk": 1123, "fields": {"state": 126, "city": " holland"}}, {"model": "fredslist.city", "pk": 1124, "fields": {"state": 126, "city": " jackson"}}, {"model": "fredslist.city", "pk": 1125, "fields": {"state": 126, "city": " kalamazoo"}}, {"model": "fredslist.city", "pk": 1126, "fields": {"state": 126, "city": " lansing"}}, {"model": "fredslist.city", "pk": 1127, "fields": {"state": 126, "city": " monroe"}}, {"model": "fredslist.city", "pk": 1128, "fields": {"state": 126, "city": " muskegon"}}, {"model": "fredslist.city", "pk": 1129, "fields": {"state": 126, "city": " northern michigan"}}, {"model": "fredslist.city", "pk": 1130, "fields": {"state": 126, "city": " port huron"}}, {"model": "fredslist.city", "pk": 1131, "fields": {"state": 126, "city": " saginaw-midland-baycity"}}, {"model": "fredslist.city", "pk": 1132, "fields": {"state": 126, "city": " southwest michigan"}}, {"model": "fredslist.city", "pk": 1133, "fields": {"state": 126, "city": " the thumb"}}, {"model": "fredslist.city", "pk": 1134, "fields": {"state": 126, "city": " upper peninsula"}}, {"model": "fredslist.city", "pk": 1135, "fields": {"state": 126, "city": ""}}, {"model": "fredslist.city", "pk": 1136, "fields": {"state": 127, "city": " bemidji"}}, {"model": "fredslist.city", "pk": 1137, "fields": {"state": 127, "city": " brainerd"}}, {"model": "fredslist.city", "pk": 1138, "fields": {"state": 127, "city": " duluth-superior"}}, {"model": "fredslist.city", "pk": 1139, "fields": {"state": 127, "city": " mankato"}}, {"model": "fredslist.city", "pk": 1140, "fields": {"state": 127, "city": " minneapolis-st paul"}}, {"model": "fredslist.city", "pk": 1141, "fields": {"state": 127, "city": " rochester"}}, {"model": "fredslist.city", "pk": 1142, "fields": {"state": 127, "city": " southwest MN"}}, {"model": "fredslist.city", "pk": 1143, "fields": {"state": 127, "city": " st cloud"}}, {"model": "fredslist.city", "pk": 1144, "fields": {"state": 127, "city": ""}}, {"model": "fredslist.city", "pk": 1145, "fields": {"state": 128, "city": " gulfport-biloxi"}}, {"model": "fredslist.city", "pk": 1146, "fields": {"state": 128, "city": " hattiesburg"}}, {"model": "fredslist.city", "pk": 1147, "fields": {"state": 128, "city": " jackson"}}, {"model": "fredslist.city", "pk": 1148, "fields": {"state": 128, "city": " meridian"}}, {"model": "fredslist.city", "pk": 1149, "fields": {"state": 128, "city": " north mississippi"}}, {"model": "fredslist.city", "pk": 1150, "fields": {"state": 128, "city": " southwest MS"}}, {"model": "fredslist.city", "pk": 1151, "fields": {"state": 128, "city": ""}}, {"model": "fredslist.city", "pk": 1152, "fields": {"state": 129, "city": " columbia-jeff city"}}, {"model": "fredslist.city", "pk": 1153, "fields": {"state": 129, "city": " joplin"}}, {"model": "fredslist.city", "pk": 1154, "fields": {"state": 129, "city": " kansas city"}}, {"model": "fredslist.city", "pk": 1155, "fields": {"state": 129, "city": " kirksville"}}, {"model": "fredslist.city", "pk": 1156, "fields": {"state": 129, "city": " lake of the ozarks"}}, {"model": "fredslist.city", "pk": 1157, "fields": {"state": 129, "city": " southeast missouri"}}, {"model": "fredslist.city", "pk": 1158, "fields": {"state": 129, "city": " springfield"}}, {"model": "fredslist.city", "pk": 1159, "fields": {"state": 129, "city": " st joseph"}}, {"model": "fredslist.city", "pk": 1160, "fields": {"state": 129, "city": " st louis"}}, {"model": "fredslist.city", "pk": 1161, "fields": {"state": 129, "city": ""}}, {"model": "fredslist.city", "pk": 1162, "fields": {"state": 130, "city": " billings"}}, {"model": "fredslist.city", "pk": 1163, "fields": {"state": 130, "city": " bozeman"}}, {"model": "fredslist.city", "pk": 1164, "fields": {"state": 130, "city": " butte"}}, {"model": "fredslist.city", "pk": 1165, "fields": {"state": 130, "city": " great falls"}}, {"model": "fredslist.city", "pk": 1166, "fields": {"state": 130, "city": " helena"}}, {"model": "fredslist.city", "pk": 1167, "fields": {"state": 130, "city": " kalispell"}}, {"model": "fredslist.city", "pk": 1168, "fields": {"state": 130, "city": " missoula"}}, {"model": "fredslist.city", "pk": 1169, "fields": {"state": 130, "city": " eastern montana"}}, {"model": "fredslist.city", "pk": 1170, "fields": {"state": 130, "city": ""}}, {"model": "fredslist.city", "pk": 1171, "fields": {"state": 131, "city": " grand island"}}, {"model": "fredslist.city", "pk": 1172, "fields": {"state": 131, "city": " lincoln"}}, {"model": "fredslist.city", "pk": 1173, "fields": {"state": 131, "city": " north platte"}}, {"model": "fredslist.city", "pk": 1174, "fields": {"state": 131, "city": " omaha-council bluffs"}}, {"model": "fredslist.city", "pk": 1175, "fields": {"state": 131, "city": " scottsbluff-panhandle"}}, {"model": "fredslist.city", "pk": 1176, "fields": {"state": 131, "city": ""}}, {"model": "fredslist.city", "pk": 1177, "fields": {"state": 132, "city": " elko"}}, {"model": "fredslist.city", "pk": 1178, "fields": {"state": 132, "city": " las vegas"}}, {"model": "fredslist.city", "pk": 1179, "fields": {"state": 132, "city": " reno-tahoe"}}, {"model": "fredslist.city", "pk": 1180, "fields": {"state": 132, "city": ""}}, {"model": "fredslist.city", "pk": 1181, "fields": {"state": 133, "city": "new hampshire"}}, {"model": "fredslist.city", "pk": 1182, "fields": {"state": 133, "city": ""}}, {"model": "fredslist.city", "pk": 1183, "fields": {"state": 134, "city": " central NJ"}}, {"model": "fredslist.city", "pk": 1184, "fields": {"state": 134, "city": " jersey shore"}}, {"model": "fredslist.city", "pk": 1185, "fields": {"state": 134, "city": " north jersey"}}, {"model": "fredslist.city", "pk": 1186, "fields": {"state": 134, "city": " south jersey"}}, {"model": "fredslist.city", "pk": 1187, "fields": {"state": 134, "city": ""}}, {"model": "fredslist.city", "pk": 1188, "fields": {"state": 135, "city": " albuquerque"}}, {"model": "fredslist.city", "pk": 1189, "fields": {"state": 135, "city": " clovis-portales"}}, {"model": "fredslist.city", "pk": 1190, "fields": {"state": 135, "city": " farmington"}}, {"model": "fredslist.city", "pk": 1191, "fields": {"state": 135, "city": " las cruces"}}, {"model": "fredslist.city", "pk": 1192, "fields": {"state": 135, "city": " roswell-carlsbad"}}, {"model": "fredslist.city", "pk": 1193, "fields": {"state": 135, "city": " santa fe-taos"}}, {"model": "fredslist.city", "pk": 1194, "fields": {"state": 135, "city": ""}}, {"model": "fredslist.city", "pk": 1195, "fields": {"state": 136, "city": " albany"}}, {"model": "fredslist.city", "pk": 1196, "fields": {"state": 136, "city": " binghamton"}}, {"model": "fredslist.city", "pk": 1197, "fields": {"state": 136, "city": " buffalo"}}, {"model": "fredslist.city", "pk": 1198, "fields": {"state": 136, "city": " catskills"}}, {"model": "fredslist.city", "pk": 1199, "fields": {"state": 136, "city": " chautauqua"}}, {"model": "fredslist.city", "pk": 1200, "fields": {"state": 136, "city": " elmira-corning"}}, {"model": "fredslist.city", "pk": 1201, "fields": {"state": 136, "city": " finger lakes"}}, {"model": "fredslist.city", "pk": 1202, "fields": {"state": 136, "city": " glens falls"}}, {"model": "fredslist.city", "pk": 1203, "fields": {"state": 136, "city": " hudson valley"}}, {"model": "fredslist.city", "pk": 1204, "fields": {"state": 136, "city": " ithaca"}}, {"model": "fredslist.city", "pk": 1205, "fields": {"state": 136, "city": " long island"}}, {"model": "fredslist.city", "pk": 1206, "fields": {"state": 136, "city": " new york city"}}, {"model": "fredslist.city", "pk": 1207, "fields": {"state": 136, "city": " oneonta"}}, {"model": "fredslist.city", "pk": 1208, "fields": {"state": 136, "city": " plattsburgh-adirondacks"}}, {"model": "fredslist.city", "pk": 1209, "fields": {"state": 136, "city": " potsdam-canton-massena"}}, {"model": "fredslist.city", "pk": 1210, "fields": {"state": 136, "city": " rochester"}}, {"model": "fredslist.city", "pk": 1211, "fields": {"state": 136, "city": " syracuse"}}, {"model": "fredslist.city", "pk": 1212, "fields": {"state": 136, "city": " twin tiers NY/PA"}}, {"model": "fredslist.city", "pk": 1213, "fields": {"state": 136, "city": " utica-rome-oneida"}}, {"model": "fredslist.city", "pk": 1214, "fields": {"state": 136, "city": " watertown"}}, {"model": "fredslist.city", "pk": 1215, "fields": {"state": 136, "city": ""}}, {"model": "fredslist.city", "pk": 1216, "fields": {"state": 137, "city": " asheville"}}, {"model": "fredslist.city", "pk": 1217, "fields": {"state": 137, "city": " boone"}}, {"model": "fredslist.city", "pk": 1218, "fields": {"state": 137, "city": " charlotte"}}, {"model": "fredslist.city", "pk": 1219, "fields": {"state": 137, "city": " eastern NC"}}, {"model": "fredslist.city", "pk": 1220, "fields": {"state": 137, "city": " fayetteville"}}, {"model": "fredslist.city", "pk": 1221, "fields": {"state": 137, "city": " greensboro"}}, {"model": "fredslist.city", "pk": 1222, "fields": {"state": 137, "city": " hickory-lenoir"}}, {"model": "fredslist.city", "pk": 1223, "fields": {"state": 137, "city": " jacksonville"}}, {"model": "fredslist.city", "pk": 1224, "fields": {"state": 137, "city": " outer banks"}}, {"model": "fredslist.city", "pk": 1225, "fields": {"state": 137, "city": " raleigh-durham-CH"}}, {"model": "fredslist.city", "pk": 1226, "fields": {"state": 137, "city": " wilmington"}}, {"model": "fredslist.city", "pk": 1227, "fields": {"state": 137, "city": " winston-salem"}}, {"model": "fredslist.city", "pk": 1228, "fields": {"state": 137, "city": ""}}, {"model": "fredslist.city", "pk": 1229, "fields": {"state": 138, "city": " bismarck"}}, {"model": "fredslist.city", "pk": 1230, "fields": {"state": 138, "city": " fargo-moorhead"}}, {"model": "fredslist.city", "pk": 1231, "fields": {"state": 138, "city": " grand forks"}}, {"model": "fredslist.city", "pk": 1232, "fields": {"state": 138, "city": " north dakota"}}, {"model": "fredslist.city", "pk": 1233, "fields": {"state": 138, "city": ""}}, {"model": "fredslist.city", "pk": 1234, "fields": {"state": 139, "city": " akron-canton"}}, {"model": "fredslist.city", "pk": 1235, "fields": {"state": 139, "city": " ashtabula"}}, {"model": "fredslist.city", "pk": 1236, "fields": {"state": 139, "city": " athens"}}, {"model": "fredslist.city", "pk": 1237, "fields": {"state": 139, "city": " chillicothe"}}, {"model": "fredslist.city", "pk": 1238, "fields": {"state": 139, "city": " cincinnati"}}, {"model": "fredslist.city", "pk": 1239, "fields": {"state": 139, "city": " cleveland"}}, {"model": "fredslist.city", "pk": 1240, "fields": {"state": 139, "city": " columbus"}}, {"model": "fredslist.city", "pk": 1241, "fields": {"state": 139, "city": " dayton-springfield"}}, {"model": "fredslist.city", "pk": 1242, "fields": {"state": 139, "city": " lima-findlay"}}, {"model": "fredslist.city", "pk": 1243, "fields": {"state": 139, "city": " mansfield"}}, {"model": "fredslist.city", "pk": 1244, "fields": {"state": 139, "city": " sandusky"}}, {"model": "fredslist.city", "pk": 1245, "fields": {"state": 139, "city": " toledo"}}, {"model": "fredslist.city", "pk": 1246, "fields": {"state": 139, "city": " tuscarawas co"}}, {"model": "fredslist.city", "pk": 1247, "fields": {"state": 139, "city": " youngstown"}}, {"model": "fredslist.city", "pk": 1248, "fields": {"state": 139, "city": " zanesville-cambridge"}}, {"model": "fredslist.city", "pk": 1249, "fields": {"state": 139, "city": ""}}, {"model": "fredslist.city", "pk": 1250, "fields": {"state": 140, "city": " lawton"}}, {"model": "fredslist.city", "pk": 1251, "fields": {"state": 140, "city": " northwest OK"}}, {"model": "fredslist.city", "pk": 1252, "fields": {"state": 140, "city": " oklahoma city"}}, {"model": "fredslist.city", "pk": 1253, "fields": {"state": 140, "city": " stillwater"}}, {"model": "fredslist.city", "pk": 1254, "fields": {"state": 140, "city": " tulsa"}}, {"model": "fredslist.city", "pk": 1255, "fields": {"state": 140, "city": ""}}, {"model": "fredslist.city", "pk": 1256, "fields": {"state": 141, "city": " bend"}}, {"model": "fredslist.city", "pk": 1257, "fields": {"state": 141, "city": " corvallis/albany"}}, {"model": "fredslist.city", "pk": 1258, "fields": {"state": 141, "city": " east oregon"}}, {"model": "fredslist.city", "pk": 1259, "fields": {"state": 141, "city": " eugene"}}, {"model": "fredslist.city", "pk": 1260, "fields": {"state": 141, "city": " klamath falls"}}, {"model": "fredslist.city", "pk": 1261, "fields": {"state": 141, "city": " medford-ashland"}}, {"model": "fredslist.city", "pk": 1262, "fields": {"state": 141, "city": " oregon coast"}}, {"model": "fredslist.city", "pk": 1263, "fields": {"state": 141, "city": " portland"}}, {"model": "fredslist.city", "pk": 1264, "fields": {"state": 141, "city": " roseburg"}}, {"model": "fredslist.city", "pk": 1265, "fields": {"state": 141, "city": " salem"}}, {"model": "fredslist.city", "pk": 1266, "fields": {"state": 141, "city": ""}}, {"model": "fredslist.city", "pk": 1267, "fields": {"state": 142, "city": " altoona-johnstown"}}, {"model": "fredslist.city", "pk": 1268, "fields": {"state": 142, "city": " cumberland valley"}}, {"model": "fredslist.city", "pk": 1269, "fields": {"state": 142, "city": " erie"}}, {"model": "fredslist.city", "pk": 1270, "fields": {"state": 142, "city": " harrisburg"}}, {"model": "fredslist.city", "pk": 1271, "fields": {"state": 142, "city": " lancaster"}}, {"model": "fredslist.city", "pk": 1272, "fields": {"state": 142, "city": " lehigh valley"}}, {"model": "fredslist.city", "pk": 1273, "fields": {"state": 142, "city": " meadville"}}, {"model": "fredslist.city", "pk": 1274, "fields": {"state": 142, "city": " philadelphia"}}, {"model": "fredslist.city", "pk": 1275, "fields": {"state": 142, "city": " pittsburgh"}}, {"model": "fredslist.city", "pk": 1276, "fields": {"state": 142, "city": " poconos"}}, {"model": "fredslist.city", "pk": 1277, "fields": {"state": 142, "city": " reading"}}, {"model": "fredslist.city", "pk": 1278, "fields": {"state": 142, "city": " scranton-wilkes-barre"}}, {"model": "fredslist.city", "pk": 1279, "fields": {"state": 142, "city": " state college"}}, {"model": "fredslist.city", "pk": 1280, "fields": {"state": 142, "city": " williamsport"}}, {"model": "fredslist.city", "pk": 1281, "fields": {"state": 142, "city": " york"}}, {"model": "fredslist.city", "pk": 1282, "fields": {"state": 142, "city": ""}}, {"model": "fredslist.city", "pk": 1283, "fields": {"state": 143, "city": "rhode island"}}, {"model": "fredslist.city", "pk": 1284, "fields": {"state": 143, "city": ""}}, {"model": "fredslist.city", "pk": 1285, "fields": {"state": 144, "city": " charleston"}}, {"model": "fredslist.city", "pk": 1286, "fields": {"state": 144, "city": " columbia"}}, {"model": "fredslist.city", "pk": 1287, "fields": {"state": 144, "city": " florence"}}, {"model": "fredslist.city", "pk": 1288, "fields": {"state": 144, "city": " greenville-upstate"}}, {"model": "fredslist.city", "pk": 1289, "fields": {"state": 144, "city": " hilton head"}}, {"model": "fredslist.city", "pk": 1290, "fields": {"state": 144, "city": " myrtle beach"}}, {"model": "fredslist.city", "pk": 1291, "fields": {"state": 144, "city": ""}}, {"model": "fredslist.city", "pk": 1292, "fields": {"state": 145, "city": " northeast SD"}}, {"model": "fredslist.city", "pk": 1293, "fields": {"state": 145, "city": " pierre-central SD"}}, {"model": "fredslist.city", "pk": 1294, "fields": {"state": 145, "city": " rapid city-west SD"}}, {"model": "fredslist.city", "pk": 1295, "fields": {"state": 145, "city": " sioux falls-SE SD"}}, {"model": "fredslist.city", "pk": 1296, "fields": {"state": 145, "city": " south dakota"}}, {"model": "fredslist.city", "pk": 1297, "fields": {"state": 145, "city": ""}}, {"model": "fredslist.city", "pk": 1298, "fields": {"state": 146, "city": " chattanooga"}}, {"model": "fredslist.city", "pk": 1299, "fields": {"state": 146, "city": " clarksville"}}, {"model": "fredslist.city", "pk": 1300, "fields": {"state": 146, "city": " cookeville"}}, {"model": "fredslist.city", "pk": 1301, "fields": {"state": 146, "city": " jackson"}}, {"model": "fredslist.city", "pk": 1302, "fields": {"state": 146, "city": " knoxville"}}, {"model": "fredslist.city", "pk": 1303, "fields": {"state": 146, "city": " memphis"}}, {"model": "fredslist.city", "pk": 1304, "fields": {"state": 146, "city": " nashville"}}, {"model": "fredslist.city", "pk": 1305, "fields": {"state": 146, "city": " tri-cities"}}, {"model": "fredslist.city", "pk": 1306, "fields": {"state": 146, "city": ""}}, {"model": "fredslist.city", "pk": 1307, "fields": {"state": 147, "city": " abilene"}}, {"model": "fredslist.city", "pk": 1308, "fields": {"state": 147, "city": " amarillo"}}, {"model": "fredslist.city", "pk": 1309, "fields": {"state": 147, "city": " austin"}}, {"model": "fredslist.city", "pk": 1310, "fields": {"state": 147, "city": " beaumont-port arthur"}}, {"model": "fredslist.city", "pk": 1311, "fields": {"state": 147, "city": " brownsville"}}, {"model": "fredslist.city", "pk": 1312, "fields": {"state": 147, "city": " college station"}}, {"model": "fredslist.city", "pk": 1313, "fields": {"state": 147, "city": " corpus christi"}}, {"model": "fredslist.city", "pk": 1314, "fields": {"state": 147, "city": " dallas-fort worth"}}, {"model": "fredslist.city", "pk": 1315, "fields": {"state": 147, "city": " deep east texas"}}, {"model": "fredslist.city", "pk": 1316, "fields": {"state": 147, "city": " del rio-eagle pass"}}, {"model": "fredslist.city", "pk": 1317, "fields": {"state": 147, "city": " el paso"}}, {"model": "fredslist.city", "pk": 1318, "fields": {"state": 147, "city": " galveston"}}, {"model": "fredslist.city", "pk": 1319, "fields": {"state": 147, "city": " houston"}}, {"model": "fredslist.city", "pk": 1320, "fields": {"state": 147, "city": " killeen-temple-ft hood"}}, {"model": "fredslist.city", "pk": 1321, "fields": {"state": 147, "city": " laredo"}}, {"model": "fredslist.city", "pk": 1322, "fields": {"state": 147, "city": " lubbock"}}, {"model": "fredslist.city", "pk": 1323, "fields": {"state": 147, "city": " mcallen-edinburg"}}, {"model": "fredslist.city", "pk": 1324, "fields": {"state": 147, "city": " odessa-midland"}}, {"model": "fredslist.city", "pk": 1325, "fields": {"state": 147, "city": " san angelo"}}, {"model": "fredslist.city", "pk": 1326, "fields": {"state": 147, "city": " san antonio"}}, {"model": "fredslist.city", "pk": 1327, "fields": {"state": 147, "city": " san marcos"}}, {"model": "fredslist.city", "pk": 1328, "fields": {"state": 147, "city": " southwest TX"}}, {"model": "fredslist.city", "pk": 1329, "fields": {"state": 147, "city": " texoma"}}, {"model": "fredslist.city", "pk": 1330, "fields": {"state": 147, "city": " tyler-east TX"}}, {"model": "fredslist.city", "pk": 1331, "fields": {"state": 147, "city": " victoria"}}, {"model": "fredslist.city", "pk": 1332, "fields": {"state": 147, "city": " waco"}}, {"model": "fredslist.city", "pk": 1333, "fields": {"state": 147, "city": " wichita falls"}}, {"model": "fredslist.city", "pk": 1334, "fields": {"state": 147, "city": ""}}, {"model": "fredslist.city", "pk": 1335, "fields": {"state": 148, "city": "logan"}}, {"model": "fredslist.city", "pk": 1336, "fields": {"state": 148, "city": "ogden-clearfield"}}, {"model": "fredslist.city", "pk": 1337, "fields": {"state": 148, "city": "provo-orem"}}, {"model": "fredslist.city", "pk": 1338, "fields": {"state": 148, "city": "salt lake city"}}, {"model": "fredslist.city", "pk": 1339, "fields": {"state": 148, "city": "st george"}}, {"model": "fredslist.city", "pk": 1340, "fields": {"state": 148, "city": ""}}, {"model": "fredslist.city", "pk": 1341, "fields": {"state": 149, "city": "vermont"}}, {"model": "fredslist.city", "pk": 1342, "fields": {"state": 149, "city": ""}}, {"model": "fredslist.city", "pk": 1343, "fields": {"state": 150, "city": "charlottesville"}}, {"model": "fredslist.city", "pk": 1344, "fields": {"state": 150, "city": "danville"}}, {"model": "fredslist.city", "pk": 1345, "fields": {"state": 150, "city": "fredericksburg"}}, {"model": "fredslist.city", "pk": 1346, "fields": {"state": 150, "city": "hampton roads"}}, {"model": "fredslist.city", "pk": 1347, "fields": {"state": 150, "city": "harrisonburg"}}, {"model": "fredslist.city", "pk": 1348, "fields": {"state": 150, "city": "lynchburg"}}, {"model": "fredslist.city", "pk": 1349, "fields": {"state": 150, "city": "new river valley"}}, {"model": "fredslist.city", "pk": 1350, "fields": {"state": 150, "city": "richmond"}}, {"model": "fredslist.city", "pk": 1351, "fields": {"state": 150, "city": "roanoke"}}, {"model": "fredslist.city", "pk": 1352, "fields": {"state": 150, "city": "southwest VA"}}, {"model": "fredslist.city", "pk": 1353, "fields": {"state": 150, "city": "winchester"}}, {"model": "fredslist.city", "pk": 1354, "fields": {"state": 150, "city": ""}}, {"model": "fredslist.city", "pk": 1355, "fields": {"state": 151, "city": "bellingham"}}, {"model": "fredslist.city", "pk": 1356, "fields": {"state": 151, "city": "kennewick-pasco-richland"}}, {"model": "fredslist.city", "pk": 1357, "fields": {"state": 151, "city": "moses lake"}}, {"model": "fredslist.city", "pk": 1358, "fields": {"state": 151, "city": "olympic peninsula"}}, {"model": "fredslist.city", "pk": 1359, "fields": {"state": 151, "city": "pullman-moscow"}}, {"model": "fredslist.city", "pk": 1360, "fields": {"state": 151, "city": "seattle-tacoma"}}, {"model": "fredslist.city", "pk": 1361, "fields": {"state": 151, "city": "skagit-island-SJI"}}, {"model": "fredslist.city", "pk": 1362, "fields": {"state": 151, "city": "spokane-coeur dalene"}}, {"model": "fredslist.city", "pk": 1363, "fields": {"state": 151, "city": "wenatchee"}}, {"model": "fredslist.city", "pk": 1364, "fields": {"state": 151, "city": "yakima"}}, {"model": "fredslist.city", "pk": 1365, "fields": {"state": 151, "city": ""}}, {"model": "fredslist.city", "pk": 1366, "fields": {"state": 152, "city": "charleston"}}, {"model": "fredslist.city", "pk": 1367, "fields": {"state": 152, "city": "eastern panhandle"}}, {"model": "fredslist.city", "pk": 1368, "fields": {"state": 152, "city": "huntington-ashland"}}, {"model": "fredslist.city", "pk": 1369, "fields": {"state": 152, "city": "morgantown"}}, {"model": "fredslist.city", "pk": 1370, "fields": {"state": 152, "city": "northern panhandle"}}, {"model": "fredslist.city", "pk": 1371, "fields": {"state": 152, "city": "parkersburg-marietta"}}, {"model": "fredslist.city", "pk": 1372, "fields": {"state": 152, "city": "southern WV"}}, {"model": "fredslist.city", "pk": 1373, "fields": {"state": 152, "city": "west virginia (old)"}}, {"model": "fredslist.city", "pk": 1374, "fields": {"state": 152, "city": ""}}, {"model": "fredslist.city", "pk": 1375, "fields": {"state": 153, "city": "appleton-oshkosh-FDL"}}, {"model": "fredslist.city", "pk": 1376, "fields": {"state": 153, "city": "eau claire"}}, {"model": "fredslist.city", "pk": 1377, "fields": {"state": 153, "city": "green bay"}}, {"model": "fredslist.city", "pk": 1378, "fields": {"state": 153, "city": "janesville"}}, {"model": "fredslist.city", "pk": 1379, "fields": {"state": 153, "city": "kenosha-racine"}}, {"model": "fredslist.city", "pk": 1380, "fields": {"state": 153, "city": "la crosse"}}, {"model": "fredslist.city", "pk": 1381, "fields": {"state": 153, "city": "madison"}}, {"model": "fredslist.city", "pk": 1382, "fields": {"state": 153, "city": "milwaukee"}}, {"model": "fredslist.city", "pk": 1383, "fields": {"state": 153, "city": "northern WI"}}, {"model": "fredslist.city", "pk": 1384, "fields": {"state": 153, "city": "sheboygan"}}, {"model": "fredslist.city", "pk": 1385, "fields": {"state": 153, "city": "wausau"}}, {"model": "fredslist.city", "pk": 1386, "fields": {"state": 153, "city": ""}}, {"model": "fredslist.city", "pk": 1387, "fields": {"state": 154, "city": "wyoming"}}, {"model": "fredslist.city", "pk": 1388, "fields": {"state": 154, "city": ""}}, {"model": "fredslist.category", "pk": 4, "fields": {"title": "community"}}, {"model": "fredslist.category", "pk": 5, "fields": {"title": "housing"}}, {"model": "fredslist.category", "pk": 6, "fields": {"title": "for sale"}}, {"model": "fredslist.category", "pk": 7, "fields": {"title": "services"}}, {"model": "fredslist.category", "pk": 8, "fields": {"title": "jobs"}}, {"model": "fredslist.category", "pk": 9, "fields": {"title": "gigs"}}, {"model": "fredslist.category", "pk": 10, "fields": {"title": "resumes"}}, {"model": "fredslist.subcategory", "pk": 5, "fields": {"title": " activities", "category": 4}}, {"model": "fredslist.subcategory", "pk": 6, "fields": {"title": " artists", "category": 4}}, {"model": "fredslist.subcategory", "pk": 7, "fields": {"title": " childcare ", "category": 4}}, {"model": "fredslist.subcategory", "pk": 8, "fields": {"title": " classes ", "category": 4}}, {"model": "fredslist.subcategory", "pk": 9, "fields": {"title": " general", "category": 4}}, {"model": "fredslist.subcategory", "pk": 10, "fields": {"title": " groups ", "category": 4}}, {"model": "fredslist.subcategory", "pk": 11, "fields": {"title": " local news", "category": 4}}, {"model": "fredslist.subcategory", "pk": 12, "fields": {"title": " lost+found ", "category": 4}}, {"model": "fredslist.subcategory", "pk": 13, "fields": {"title": " musicians ", "category": 4}}, {"model": "fredslist.subcategory", "pk": 14, "fields": {"title": " pets ", "category": 4}}, {"model": "fredslist.subcategory", "pk": 15, "fields": {"title": " politics", "category": 4}}, {"model": "fredslist.subcategory", "pk": 16, "fields": {"title": " rideshare", "category": 4}}, {"model": "fredslist.subcategory", "pk": 17, "fields": {"title": " volunteers", "category": 4}}, {"model": "fredslist.subcategory", "pk": 18, "fields": {"title": "", "category": 4}}, {"model": "fredslist.subcategory", "pk": 19, "fields": {"title": "apts / housing", "category": 5}}, {"model": "fredslist.subcategory", "pk": 20, "fields": {"title": " housing swap", "category": 5}}, {"model": "fredslist.subcategory", "pk": 21, "fields": {"title": " housing wanted", "category": 5}}, {"model": "fredslist.subcategory", "pk": 22, "fields": {"title": " office / commercial", "category": 5}}, {"model": "fredslist.subcategory", "pk": 23, "fields": {"title": " parking / storage", "category": 5}}, {"model": "fredslist.subcategory", "pk": 24, "fields": {"title": " real estate for sale", "category": 5}}, {"model": "fredslist.subcategory", "pk": 25, "fields": {"title": " rooms / shared", "category": 5}}, {"model": "fredslist.subcategory", "pk": 26, "fields": {"title": " rooms wanted", "category": 5}}, {"model": "fredslist.subcategory", "pk": 27, "fields": {"title": " sublets / temporary", "category": 5}}, {"model": "fredslist.subcategory", "pk": 28, "fields": {"title": " vacation rentals", "category": 5}}, {"model": "fredslist.subcategory", "pk": 29, "fields": {"title": "", "category": 5}}, {"model": "fredslist.subcategory", "pk": 30, "fields": {"title": "antiques", "category": 6}}, {"model": "fredslist.subcategory", "pk": 31, "fields": {"title": " appliances", "category": 6}}, {"model": "fredslist.subcategory", "pk": 32, "fields": {"title": " arts+crafts", "category": 6}}, {"model": "fredslist.subcategory", "pk": 33, "fields": {"title": " atv/utv/sno", "category": 6}}, {"model": "fredslist.subcategory", "pk": 34, "fields": {"title": " auto parts", "category": 6}}, {"model": "fredslist.subcategory", "pk": 35, "fields": {"title": " baby+kid", "category": 6}}, {"model": "fredslist.subcategory", "pk": 36, "fields": {"title": " barter", "category": 6}}, {"model": "fredslist.subcategory", "pk": 37, "fields": {"title": " beauty+hlth", "category": 6}}, {"model": "fredslist.subcategory", "pk": 38, "fields": {"title": " bikes", "category": 6}}, {"model": "fredslist.subcategory", "pk": 39, "fields": {"title": " boats", "category": 6}}, {"model": "fredslist.subcategory", "pk": 40, "fields": {"title": " books", "category": 6}}, {"model": "fredslist.subcategory", "pk": 41, "fields": {"title": " business", "category": 6}}, {"model": "fredslist.subcategory", "pk": 42, "fields": {"title": " cars+trucks", "category": 6}}, {"model": "fredslist.subcategory", "pk": 43, "fields": {"title": " cds/dvd/vhs", "category": 6}}, {"model": "fredslist.subcategory", "pk": 44, "fields": {"title": " cell phones", "category": 6}}, {"model": "fredslist.subcategory", "pk": 45, "fields": {"title": " clothes+acc", "category": 6}}, {"model": "fredslist.subcategory", "pk": 46, "fields": {"title": " collectibles", "category": 6}}, {"model": "fredslist.subcategory", "pk": 47, "fields": {"title": " computers", "category": 6}}, {"model": "fredslist.subcategory", "pk": 48, "fields": {"title": " electronics", "category": 6}}, {"model": "fredslist.subcategory", "pk": 49, "fields": {"title": " farm+garden", "category": 6}}, {"model": "fredslist.subcategory", "pk": 50, "fields": {"title": " free", "category": 6}}, {"model": "fredslist.subcategory", "pk": 51, "fields": {"title": " furniture", "category": 6}}, {"model": "fredslist.subcategory", "pk": 52, "fields": {"title": " garage sale", "category": 6}}, {"model": "fredslist.subcategory", "pk": 53, "fields": {"title": " general", "category": 6}}, {"model": "fredslist.subcategory", "pk": 54, "fields": {"title": " heavy equip", "category": 6}}, {"model": "fredslist.subcategory", "pk": 55, "fields": {"title": " household", "category": 6}}, {"model": "fredslist.subcategory", "pk": 56, "fields": {"title": " jewelry", "category": 6}}, {"model": "fredslist.subcategory", "pk": 57, "fields": {"title": " materials", "category": 6}}, {"model": "fredslist.subcategory", "pk": 58, "fields": {"title": " motorcycles", "category": 6}}, {"model": "fredslist.subcategory", "pk": 59, "fields": {"title": " music instr", "category": 6}}, {"model": "fredslist.subcategory", "pk": 60, "fields": {"title": " photo+video", "category": 6}}, {"model": "fredslist.subcategory", "pk": 61, "fields": {"title": " rvs+camp", "category": 6}}, {"model": "fredslist.subcategory", "pk": 62, "fields": {"title": " sporting", "category": 6}}, {"model": "fredslist.subcategory", "pk": 63, "fields": {"title": " tickets", "category": 6}}, {"model": "fredslist.subcategory", "pk": 64, "fields": {"title": " tools", "category": 6}}, {"model": "fredslist.subcategory", "pk": 65, "fields": {"title": " toys+games", "category": 6}}, {"model": "fredslist.subcategory", "pk": 66, "fields": {"title": " video gaming", "category": 6}}, {"model": "fredslist.subcategory", "pk": 67, "fields": {"title": " wanted", "category": 6}}, {"model": "fredslist.subcategory", "pk": 68, "fields": {"title": "", "category": 6}}, {"model": "fredslist.subcategory", "pk": 69, "fields": {"title": " automotive", "category": 7}}, {"model": "fredslist.subcategory", "pk": 70, "fields": {"title": " beauty", "category": 7}}, {"model": "fredslist.subcategory", "pk": 71, "fields": {"title": " computer", "category": 7}}, {"model": "fredslist.subcategory", "pk": 72, "fields": {"title": " creative", "category": 7}}, {"model": "fredslist.subcategory", "pk": 73, "fields": {"title": " cycle", "category": 7}}, {"model": "fredslist.subcategory", "pk": 74, "fields": {"title": " event", "category": 7}}, {"model": "fredslist.subcategory", "pk": 75, "fields": {"title": " farm+garden", "category": 7}}, {"model": "fredslist.subcategory", "pk": 76, "fields": {"title": " financial", "category": 7}}, {"model": "fredslist.subcategory", "pk": 77, "fields": {"title": " household", "category": 7}}, {"model": "fredslist.subcategory", "pk": 78, "fields": {"title": " labor/move", "category": 7}}, {"model": "fredslist.subcategory", "pk": 79, "fields": {"title": " legal", "category": 7}}, {"model": "fredslist.subcategory", "pk": 80, "fields": {"title": " lessons", "category": 7}}, {"model": "fredslist.subcategory", "pk": 81, "fields": {"title": " marine", "category": 7}}, {"model": "fredslist.subcategory", "pk": 82, "fields": {"title": " pet", "category": 7}}, {"model": "fredslist.subcategory", "pk": 83, "fields": {"title": " real estate", "category": 7}}, {"model": "fredslist.subcategory", "pk": 84, "fields": {"title": " skill'd trade", "category": 7}}, {"model": "fredslist.subcategory", "pk": 85, "fields": {"title": " sm biz ads", "category": 7}}, {"model": "fredslist.subcategory", "pk": 86, "fields": {"title": " therapeutic", "category": 7}}, {"model": "fredslist.subcategory", "pk": 87, "fields": {"title": " travel/vac", "category": 7}}, {"model": "fredslist.subcategory", "pk": 88, "fields": {"title": " write/ed/tr8", "category": 7}}, {"model": "fredslist.subcategory", "pk": 89, "fields": {"title": "", "category": 7}}, {"model": "fredslist.subcategory", "pk": 90, "fields": {"title": "accounting+finance", "category": 8}}, {"model": "fredslist.subcategory", "pk": 91, "fields": {"title": " admin / office", "category": 8}}, {"model": "fredslist.subcategory", "pk": 92, "fields": {"title": " arch / engineering", "category": 8}}, {"model": "fredslist.subcategory", "pk": 93, "fields": {"title": " art / media / design", "category": 8}}, {"model": "fredslist.subcategory", "pk": 94, "fields": {"title": " biotech / science", "category": 8}}, {"model": "fredslist.subcategory", "pk": 95, "fields": {"title": " business / mgmt", "category": 8}}, {"model": "fredslist.subcategory", "pk": 96, "fields": {"title": " customer service", "category": 8}}, {"model": "fredslist.subcategory", "pk": 97, "fields": {"title": " education", "category": 8}}, {"model": "fredslist.subcategory", "pk": 98, "fields": {"title": " food / bev / hosp", "category": 8}}, {"model": "fredslist.subcategory", "pk": 99, "fields": {"title": " general labor", "category": 8}}, {"model": "fredslist.subcategory", "pk": 100, "fields": {"title": " government", "category": 8}}, {"model": "fredslist.subcategory", "pk": 101, "fields": {"title": " human resources", "category": 8}}, {"model": "fredslist.subcategory", "pk": 102, "fields": {"title": " internet engineers", "category": 8}}, {"model": "fredslist.subcategory", "pk": 103, "fields": {"title": " legal / paralegal", "category": 8}}, {"model": "fredslist.subcategory", "pk": 104, "fields": {"title": " manufacturing", "category": 8}}, {"model": "fredslist.subcategory", "pk": 105, "fields": {"title": " marketing / pr / ad", "category": 8}}, {"model": "fredslist.subcategory", "pk": 106, "fields": {"title": " medical / health", "category": 8}}, {"model": "fredslist.subcategory", "pk": 107, "fields": {"title": " nonprofit sector", "category": 8}}, {"model": "fredslist.subcategory", "pk": 108, "fields": {"title": " real estate", "category": 8}}, {"model": "fredslist.subcategory", "pk": 109, "fields": {"title": " retail / wholesale", "category": 8}}, {"model": "fredslist.subcategory", "pk": 110, "fields": {"title": " sales / biz dev", "category": 8}}, {"model": "fredslist.subcategory", "pk": 111, "fields": {"title": " salon / spa / fitness", "category": 8}}, {"model": "fredslist.subcategory", "pk": 112, "fields": {"title": " security", "category": 8}}, {"model": "fredslist.subcategory", "pk": 113, "fields": {"title": " skilled trade / craft", "category": 8}}, {"model": "fredslist.subcategory", "pk": 114, "fields": {"title": " software / qa / dba", "category": 8}}, {"model": "fredslist.subcategory", "pk": 115, "fields": {"title": " systems / network", "category": 8}}, {"model": "fredslist.subcategory", "pk": 116, "fields": {"title": " technical support", "category": 8}}, {"model": "fredslist.subcategory", "pk": 117, "fields": {"title": " transport", "category": 8}}, {"model": "fredslist.subcategory", "pk": 118, "fields": {"title": " tv / film / video", "category": 8}}, {"model": "fredslist.subcategory", "pk": 119, "fields": {"title": " web / info design", "category": 8}}, {"model": "fredslist.subcategory", "pk": 120, "fields": {"title": " writing / editing", "category": 8}}, {"model": "fredslist.subcategory", "pk": 121, "fields": {"title": " [ETC]", "category": 8}}, {"model": "fredslist.subcategory", "pk": 122, "fields": {"title": " [ part-time ]", "category": 8}}, {"model": "fredslist.subcategory", "pk": 123, "fields": {"title": "computer", "category": 9}}, {"model": "fredslist.subcategory", "pk": 124, "fields": {"title": " creative", "category": 9}}, {"model": "fredslist.subcategory", "pk": 125, "fields": {"title": " crew", "category": 9}}, {"model": "fredslist.subcategory", "pk": 126, "fields": {"title": " domestic", "category": 9}}, {"model": "fredslist.subcategory", "pk": 127, "fields": {"title": " event", "category": 9}}, {"model": "fredslist.subcategory", "pk": 128, "fields": {"title": " labor", "category": 9}}, {"model": "fredslist.subcategory", "pk": 129, "fields": {"title": " talent", "category": 9}}, {"model": "fredslist.subcategory", "pk": 130, "fields": {"title": " writing", "category": 9}}, {"model": "fredslist.subcategory", "pk": 131, "fields": {"title": "", "category": 9}}, {"model": "fredslist.subcategory", "pk": 132, "fields": {"title": "", "category": 10}}, {"model": "auth.permission", "pk": 1, "fields": {"content_type": 1, "codename": "add_logentry", "name": "Can add log entry"}}, {"model": "auth.permission", "pk": 2, "fields": {"content_type": 1, "codename": "change_logentry", "name": "Can change log entry"}}, {"model": "auth.permission", "pk": 3, "fields": {"content_type": 1, "codename": "delete_logentry", "name": "Can delete log entry"}}, {"model": "auth.permission", "pk": 4, "fields": {"content_type": 2, "codename": "add_permission", "name": "Can add permission"}}, {"model": "auth.permission", "pk": 5, "fields": {"content_type": 2, "codename": "change_permission", "name": "Can change permission"}}, {"model": "auth.permission", "pk": 6, "fields": {"content_type": 2, "codename": "delete_permission", "name": "Can delete permission"}}, {"model": "auth.permission", "pk": 7, "fields": {"content_type": 3, "codename": "add_group", "name": "Can add group"}}, {"model": "auth.permission", "pk": 8, "fields": {"content_type": 3, "codename": "change_group", "name": "Can change group"}}, {"model": "auth.permission", "pk": 9, "fields": {"content_type": 3, "codename": "delete_group", "name": "Can delete group"}}, {"model": "auth.permission", "pk": 10, "fields": {"content_type": 4, "codename": "add_user", "name": "Can add user"}}, {"model": "auth.permission", "pk": 11, "fields": {"content_type": 4, "codename": "change_user", "name": "Can change user"}}, {"model": "auth.permission", "pk": 12, "fields": {"content_type": 4, "codename": "delete_user", "name": "Can delete user"}}, {"model": "auth.permission", "pk": 13, "fields": {"content_type": 5, "codename": "add_contenttype", "name": "Can add content type"}}, {"model": "auth.permission", "pk": 14, "fields": {"content_type": 5, "codename": "change_contenttype", "name": "Can change content type"}}, {"model": "auth.permission", "pk": 15, "fields": {"content_type": 5, "codename": "delete_contenttype", "name": "Can delete content type"}}, {"model": "auth.permission", "pk": 16, "fields": {"content_type": 6, "codename": "add_session", "name": "Can add session"}}, {"model": "auth.permission", "pk": 17, "fields": {"content_type": 6, "codename": "change_session", "name": "Can change session"}}, {"model": "auth.permission", "pk": 18, "fields": {"content_type": 6, "codename": "delete_session", "name": "Can delete session"}}, {"model": "auth.permission", "pk": 19, "fields": {"content_type": 7, "codename": "add_state", "name": "Can add state"}}, {"model": "auth.permission", "pk": 20, "fields": {"content_type": 7, "codename": "change_state", "name": "Can change state"}}, {"model": "auth.permission", "pk": 21, "fields": {"content_type": 7, "codename": "delete_state", "name": "Can delete state"}}, {"model": "auth.permission", "pk": 22, "fields": {"content_type": 8, "codename": "add_city", "name": "Can add city"}}, {"model": "auth.permission", "pk": 23, "fields": {"content_type": 8, "codename": "change_city", "name": "Can change city"}}, {"model": "auth.permission", "pk": 24, "fields": {"content_type": 8, "codename": "delete_city", "name": "Can delete city"}}, {"model": "auth.permission", "pk": 25, "fields": {"content_type": 9, "codename": "add_category", "name": "Can add category"}}, {"model": "auth.permission", "pk": 26, "fields": {"content_type": 9, "codename": "change_category", "name": "Can change category"}}, {"model": "auth.permission", "pk": 27, "fields": {"content_type": 9, "codename": "delete_category", "name": "Can delete category"}}, {"model": "auth.permission", "pk": 28, "fields": {"content_type": 10, "codename": "add_subcategory", "name": "Can add sub category"}}, {"model": "auth.permission", "pk": 29, "fields": {"content_type": 10, "codename": "change_subcategory", "name": "Can change sub category"}}, {"model": "auth.permission", "pk": 30, "fields": {"content_type": 10, "codename": "delete_subcategory", "name": "Can delete sub category"}}, {"model": "auth.permission", "pk": 31, "fields": {"content_type": 11, "codename": "add_post", "name": "Can add post"}}, {"model": "auth.permission", "pk": 32, "fields": {"content_type": 11, "codename": "change_post", "name": "Can change post"}}, {"model": "auth.permission", "pk": 33, "fields": {"content_type": 11, "codename": "delete_post", "name": "Can delete post"}}, {"model": "auth.permission", "pk": 34, "fields": {"content_type": 12, "codename": "add_images", "name": "Can add images"}}, {"model": "auth.permission", "pk": 35, "fields": {"content_type": 12, "codename": "change_images", "name": "Can change images"}}, {"model": "auth.permission", "pk": 36, "fields": {"content_type": 12, "codename": "delete_images", "name": "Can delete images"}}, {"model": "auth.permission", "pk": 37, "fields": {"content_type": 13, "codename": "add_favorite", "name": "Can add favorite"}}, {"model": "auth.permission", "pk": 38, "fields": {"content_type": 13, "codename": "change_favorite", "name": "Can change favorite"}}, {"model": "auth.permission", "pk": 39, "fields": {"content_type": 13, "codename": "delete_favorite", "name": "Can delete favorite"}}, {"model": "auth.permission", "pk": 40, "fields": {"content_type": 14, "codename": "add_token", "name": "Can add token"}}, {"model": "auth.permission", "pk": 41, "fields": {"content_type": 14, "codename": "change_token", "name": "Can change token"}}, {"model": "auth.permission", "pk": 42, "fields": {"content_type": 14, "codename": "delete_token", "name": "Can delete token"}}, {"model": "auth.permission", "pk": 43, "fields": {"content_type": 15, "codename": "add_userprofile", "name": "Can add user profile"}}, {"model": "auth.permission", "pk": 44, "fields": {"content_type": 15, "codename": "change_userprofile", "name": "Can change user profile"}}, {"model": "auth.permission", "pk": 45, "fields": {"content_type": 15, "codename": "delete_userprofile", "name": "Can delete user profile"}}, {"model": "auth.user", "pk": 1, "fields": {"is_active": true, "last_name": "", "email": "cesarm2333@gmail.com", "last_login": "2015-11-16T05:35:41.478Z", "user_permissions": [], "is_staff": true, "is_superuser": true, "date_joined": "2015-11-12T02:57:43.086Z", "username": "cesar", "password": "pbkdf2_sha256$20000$UxSVW4045eaV$/UdB5ifElOXSdpz4BzOhLtrquWwC7lvtvdH8gq8K4/Q=", "groups": [], "first_name": ""}}, {"model": "auth.user", "pk": 2, "fields": {"is_active": true, "last_name": "", "email": "ryan@ryan.com", "last_login": "2015-11-15T05:58:10.096Z", "user_permissions": [], "is_staff": false, "is_superuser": false, "date_joined": "2015-11-13T03:25:32.029Z", "username": "ryan", "password": "pbkdf2_sha256$20000$55FR1L8J3kzB$TXrpojLtpzjvIe0O0ujHOf29qKOBzte/evTS1LGLn5I=", "groups": [], "first_name": ""}}, {"model": "auth.user", "pk": 3, "fields": {"is_active": true, "last_name": "", "email": "peter@peter.com", "last_login": "2015-11-13T03:26:49.121Z", "user_permissions": [], "is_staff": false, "is_superuser": false, "date_joined": "2015-11-13T03:26:27.419Z", "username": "peter", "password": "pbkdf2_sha256$20000$wD41BuR9rVPk$g4GpdQ5O0+hZkHnInpem9HiNURsDsnn8C0staq5i1Lo=", "groups": [], "first_name": ""}}, {"model": "auth.user", "pk": 4, "fields": {"is_active": true, "last_name": "", "email": "", "last_login": "2015-11-14T22:42:11.636Z", "user_permissions": [], "is_staff": false, "is_superuser": false, "date_joined": "2015-11-13T23:08:57.052Z", "username": "joe", "password": "pbkdf2_sha256$20000$11KpTnm7UhYe$CqZx40YbzP/3WpG9tWQTJy0tRFNs3U+9yF5XWdii6D4=", "groups": [], "first_name": ""}}, {"model": "fredslist.favorite", "pk": 3, "fields": {"post": 8, "favorited_at": "2015-11-15T01:33:24.116Z", "user": 4}}, {"model": "fredslist.favorite", "pk": 9, "fields": {"post": 9, "favorited_at": "2015-11-15T05:45:45.780Z", "user": 1}}, {"model": "fredslist.favorite", "pk": 10, "fields": {"post": 7, "favorited_at": "2015-11-15T05:50:59.726Z", "user": 1}}, {"model": "fredslist.favorite", "pk": 11, "fields": {"post": 9, "favorited_at": "2015-11-15T05:58:18.245Z", "user": 2}}, {"model": "fredslist.favorite", "pk": 12, "fields": {"post": 8, "favorited_at": "2015-11-15T05:58:19.629Z", "user": 2}}, {"model": "fredslist.favorite", "pk": 14, "fields": {"post": 8, "favorited_at": "2015-11-15T06:00:29.519Z", "user": 1}}, {"model": "fredslist.favorite", "pk": 15, "fields": {"post": 11, "favorited_at": "2015-11-16T07:24:37.182Z", "user": 1}}, {"model": "fredslist.post", "pk": 7, "fields": {"posting_title": "fdff", "created_at": "2015-11-13T08:22:22.556Z", "contact_name": "Cesar", "sub_category": 5, "postal_code": "89103", "posting_body": "fsffdfdsf", "phone_number": "7022095680", "user": 1, "modified_at": "2015-11-13T08:22:22.556Z", "location": 925, "price": "ffdf", "specific_location": "las vegas"}}, {"model": "fredslist.post", "pk": 8, "fields": {"posting_title": "selling apt", "created_at": "2015-11-14T22:54:26.599Z", "contact_name": "Cesar", "sub_category": 19, "postal_code": "89103", "posting_body": "selling my apt very cheap", "phone_number": "7022095680", "user": 4, "modified_at": "2015-11-14T22:54:26.599Z", "location": 927, "price": "10000", "specific_location": "las vegas"}}, {"model": "fredslist.post", "pk": 9, "fields": {"posting_title": "awesome post", "created_at": "2015-11-15T05:27:16.205Z", "contact_name": "Cesar", "sub_category": 11, "postal_code": "89103", "posting_body": "this is an awesome post", "phone_number": "7022095680", "user": 3, "modified_at": "2015-11-15T05:27:16.205Z", "location": 933, "price": "101010", "specific_location": "las vegas"}}, {"model": "fredslist.post", "pk": 10, "fields": {"posting_title": "new post", "created_at": "2015-11-16T05:42:41.272Z", "contact_name": "Cesar", "sub_category": 6, "postal_code": "89103", "posting_body": "this is a new post", "phone_number": "7022095680", "user": 1, "modified_at": "2015-11-16T05:42:41.272Z", "location": 928, "price": "100", "specific_location": "las vegas"}}, {"model": "fredslist.post", "pk": 11, "fields": {"posting_title": "FD", "created_at": "2015-11-16T07:04:32.721Z", "contact_name": "Cesar", "sub_category": 6, "postal_code": "89103", "posting_body": "FSFSD", "phone_number": "7022095680", "user": 4, "modified_at": "2015-11-16T07:04:32.721Z", "location": 926, "price": "101011001", "specific_location": "las vegas"}}]